gender,name_title,name_first,name_last,location_street,location_city,location_state,location_postcode,email,login_username,login_password,login_salt,login_md5,login_sha1,login_sha256,dob,registered,phone,cell,id_name,id_value,picture_large,picture_medium,picture_thumbnail,nat
male,mr,jessie,graham,"6102 new road",durham,fife,"LT1 5GW",jessie.graham@example.com,beautifulrabbit303,seabee,RI5gXsue,2a6c3678e023db6b79cc9de2f36b7e31,8b22d2d2057107896fe79f83f68d4d2a0eb29167,8e5b4a619c2c5b73c5dabe458463d2119d0d3a7a07cba70a3661452d4c104901,"1992-05-18 15:30:55","2003-02-03 12:26:20","016977 2982",0796-369-052,NINO,"CZ 38 98 85 O",https://randomuser.me/api/portraits/men/43.jpg,https://randomuser.me/api/portraits/med/men/43.jpg,https://randomuser.me/api/portraits/thumb/men/43.jpg,GB
female,ms,martha,beck,"3654 church road",londonderry,"west glamorgan","TX45 4UX",martha.beck@example.com,heavygorilla240,better,XIGTm6yF,cd572cc72ff5dd0bf7e8f655fe9a2528,98e172b451695916b69057a81d35a56aa9ce41c1,f53d5b54465ee6cfea1496680587bf679bf720ebcbceb1debefe6e60d9d7dc22,"1994-10-24 01:31:09","2005-04-26 06:10:32","015242 08560",0705-563-883,NINO,"LB 57 83 21 V",https://randomuser.me/api/portraits/women/48.jpg,https://randomuser.me/api/portraits/med/women/48.jpg,https://randomuser.me/api/portraits/thumb/women/48.jpg,GB
female,miss,zoe,duncan,"7580 kings road",gloucester,bedfordshire,"EC6T 4QQ",zoe.duncan@example.com,silvertiger618,vanilla,z0GXcaQh,6cd8f1965c581a767304805afff8431a,28c15134bcb358e7a599ca244491848eab5c0ddc,4f59460632a1e084e430ebaaa22deec159e7661dc6916629304d134cc89a2706,"1991-11-20 13:47:34","2013-05-14 13:00:52","024 6419 3011",0763-347-705,NINO,"PK 88 48 60 W",https://randomuser.me/api/portraits/women/89.jpg,https://randomuser.me/api/portraits/med/women/89.jpg,https://randomuser.me/api/portraits/thumb/women/89.jpg,GB
female,ms,charlotte,seifert,"4155 schlossstraße",parchim,hamburg,38586,charlotte.seifert@example.com,orangeleopard941,airforce,YZWdL5VY,bffebd6af48db28e83cb8a7c91865e18,60f5ea112979ed2efa6a45110f8eeec582af1f7f,4f826d317479eb8fcd033536b8fc0862b539a5f64635dddfb493572ea7dd9204,"1992-01-01 15:37:08","2014-06-17 18:54:24",0381-2158220,0171-3637906,,,https://randomuser.me/api/portraits/women/41.jpg,https://randomuser.me/api/portraits/med/women/41.jpg,https://randomuser.me/api/portraits/thumb/women/41.jpg,DE
male,mr,logan,roberts,"9026 oak ridge ln",henderson,michigan,31311,logan.roberts@example.com,organicelephant842,homemade,LpqOynW3,6be06c9f0f63e39e56a11ea69de3cac9,e5b4d56cec6831e9d5487ee0c15d577e8d92cb20,d029fe17f2dc999a8ba9056066bbfda9e77c8c643c2950b33270895497fc0848,"1990-12-30 18:12:40","2005-09-23 11:49:24",(125)-109-9448,(011)-074-0616,SSN,970-38-9918,https://randomuser.me/api/portraits/men/79.jpg,https://randomuser.me/api/portraits/med/men/79.jpg,https://randomuser.me/api/portraits/thumb/men/79.jpg,US
male,mr,wade,lucas,"3062 mill road",newport,fife,"IT3S 4XA",wade.lucas@example.com,tinygorilla560,syzygy,WWB4xrC0,4f4a2a19ca0c081a3fa55fe7fc4451d0,322af572e7aaf71a62dde1e06a6f94ded8ca3409,5f7ff6f4acc071351dfcb48e0aa1cb447bdb85c10cf54639b4c5f2dd5629ace1,"1990-10-18 10:03:14","2002-06-22 13:52:58","016977 8241",0750-723-566,NINO,"WN 47 48 85 E",https://randomuser.me/api/portraits/men/51.jpg,https://randomuser.me/api/portraits/med/men/51.jpg,https://randomuser.me/api/portraits/thumb/men/51.jpg,GB
female,mrs,mary,nguyen,"9215 york road",bath,buckinghamshire,"N1Q 8AP",mary.nguyen@example.com,crazybutterfly106,power1,cEPdtgRG,b97bcd3cf65c28c357c1ad0a2cbd4919,f31b6b2451e6b7751ad31af7fdbb3bf24cdf3b51,0ae1f7c9b41433b993c5338080ec90ee4606d1385f9b83e2cdf1268c89e32b33,"1995-03-13 20:34:57","2003-01-06 09:10:20","0151 083 0497",0743-375-762,NINO,"JG 05 20 50 Z",https://randomuser.me/api/portraits/women/39.jpg,https://randomuser.me/api/portraits/med/women/39.jpg,https://randomuser.me/api/portraits/thumb/women/39.jpg,GB
female,ms,annemarie,stahl,"8046 ahornweg",northeim,bremen,86066,annemarie.stahl@example.com,brownbear564,asasas,93IFMjsZ,dfcb591fa553ca44c454952e33ff411d,f371b6bd6f863b0d5a4cdb48c55bec94b6a12914,775d0262057590805a03f0c9655c6592c4bc356562a84cde6d1726755838c8cb,"1994-04-01 12:06:34","2013-03-08 09:23:53",0745-8452942,0171-3257637,,,https://randomuser.me/api/portraits/women/3.jpg,https://randomuser.me/api/portraits/med/women/3.jpg,https://randomuser.me/api/portraits/thumb/women/3.jpg,DE
male,mr,roland,rogers,"3572 shady ln dr",cary,"new york",18630,roland.rogers@example.com,orangedog454,panthers,FDirbRbq,c1e7605180747fc17f9a8ef5b3b478d6,78e98a9764678cd50847ee7df7f334582f18a0c4,4477bfd79bd78a7135eb220bfc69d17b284dcbed011669661c598e06d6a8c5b1,"1994-04-08 23:05:54","2014-03-27 21:04:46",(852)-069-6424,(588)-811-3608,SSN,826-02-8784,https://randomuser.me/api/portraits/men/15.jpg,https://randomuser.me/api/portraits/med/men/15.jpg,https://randomuser.me/api/portraits/thumb/men/15.jpg,US
male,mr,gordon,reed,"8684 harrison ct",tallahassee,idaho,85253,gordon.reed@example.com,goldenwolf407,musashi,mSCWakIE,7d5e1fcfe3af7210f06eb3e3c8e6ea5f,d2130720fdfb95e529003cbcaf1a9fe976caaae8,ad779813404d24e6e0a75e3b4dffaa6fdd673788016ff54ed5981c3816187d38,"1990-08-27 04:10:30","2014-02-03 08:09:28",(740)-463-2236,(566)-960-3588,SSN,135-36-2305,https://randomuser.me/api/portraits/men/22.jpg,https://randomuser.me/api/portraits/med/men/22.jpg,https://randomuser.me/api/portraits/thumb/men/22.jpg,US
male,mr,michael,powell,"6575 w dallas st",surprise,mississippi,61046,michael.powell@example.com,whitesnake166,zaq12wsx,ZueqltHH,aa2858e65136933dd6f46972abf2692d,fb4d4ff04ef320474b3910ca06adf39fabe99e81,72eb361bcff417e46054e5b81332795c027d2c20cfd6413de5052420cca341f0,"1992-12-12 07:59:10","2012-11-29 03:29:33",(029)-717-0297,(538)-583-1314,SSN,832-26-8294,https://randomuser.me/api/portraits/men/39.jpg,https://randomuser.me/api/portraits/med/men/39.jpg,https://randomuser.me/api/portraits/thumb/men/39.jpg,US
female,ms,jessika,köster,"8621 birkenstraße",osnabrück,sachsen-anhalt,65594,jessika.köster@example.com,lazysnake413,panhead,xivKabjc,68276499cb5e36de950b73ded114f8aa,dd4e698f382208d9f70169b97bb3821f3ac1510a,8a05e1317cb62be68695be1fea6e94c778fe8e6022a46235a2f867c741e53aec,"1993-08-11 04:52:00","2010-08-01 17:57:54",0539-2042437,0176-1876461,,,https://randomuser.me/api/portraits/women/80.jpg,https://randomuser.me/api/portraits/med/women/80.jpg,https://randomuser.me/api/portraits/thumb/women/80.jpg,DE
male,mr,john,holland,"2159 royal ln",alexandria,connecticut,92981,john.holland@example.com,crazygoose886,toffee,zogftJki,d5200d232d0daeced16141cd352b5a2d,9335ba8d1cab61c9772cbcecd8d4629f19a46f4f,30c752afb35d03b4572855c6e2f5e5b6ba6811c5a1ec567b00ac71bac5a1acaf,"1995-02-02 01:39:15","2011-04-15 08:57:36",(715)-055-9573,(051)-419-1494,SSN,262-83-7924,https://randomuser.me/api/portraits/men/74.jpg,https://randomuser.me/api/portraits/med/men/74.jpg,https://randomuser.me/api/portraits/thumb/men/74.jpg,US
